"trial_num","frame_num","circle_num","circle_id","density","x_coord","y_coord","i_dataset"
1,1,1,"blue",8.84933523472044,2.20826996835448,7.63058350524474,1
1,1,2,"blue",7.35365044317507,5.82907558906493,0.675872120083403,1
1,1,3,"blue",9.88137660592498,-0.390114687363376,-5.53464086700859,1
1,1,4,"blue",12.6548594889419,-8.2372767445881,2.8126014930042,1
1,1,5,"blue",6.99563188417624,2.32051210445268,0.806901566537292,1
1,1,6,"yellow",9.94692943901211,8.3525171595841,-3.35427717310453,1
1,1,7,"yellow",11.1742285975585,3.03739992185629,-7.96623805488871,1
1,1,8,"yellow",9.45766632731876,-3.06505379187904,5.27047020373646,1
1,1,9,"yellow",9.84366547223124,2.93517343979634,-6.23849324543826,1
1,1,10,"yellow",9.46342337168971,6.77038062730037,6.97806366188057,1
1,1,11,"yellow",7.36469995374265,5.91772525210867,2.65692211389504,1
1,1,12,"yellow",10.7355656907873,0.0307188865891916,9.75872204883748,1
1,1,13,"yellow",12.0929249102763,-6.30154978252587,-3.70129233213403,1
1,1,14,"yellow",8.51487622995729,8.12733143305493,0.823521900420012,1
1,1,15,"yellow",7.87432729255632,1.03147580200549,5.50303015352461,1
1,1,16,"yellow",8.03095839434331,6.7402279889105,4.01066372783768,1
1,2,1,"blue",8.8518189199269,2.12682187834569,7.61295815196135,1
1,2,2,"blue",7.38190147121916,5.90307186379055,0.714199600709907,1
1,2,3,"blue",9.84725221512501,-0.313100059319972,-5.50281019765055,1
1,2,4,"blue",12.7014262483034,-8.30955431256877,2.77112381694535,1
1,2,5,"blue",6.99578630608617,2.40187309235003,0.824924720889719,1
1,2,6,"yellow",9.90144810167016,8.32504075120237,-3.27560385216989,1
1,2,7,"yellow",11.1218547302101,3.03645908150186,-7.88291003280807,1
1,2,8,"yellow",9.50749881307094,-3.14631500971847,5.28893798432043,1
1,2,9,"yellow",9.82020193419232,2.86497302693703,-6.19358949861433,1
1,2,10,"yellow",9.48143024130432,6.8443749162029,6.9397323476029,1
1,2,11,"yellow",7.3696537087186,5.8759402384226,2.72902244035546,1
1,2,12,"yellow",10.7788753224452,-0.0474572091592006,9.7875827920362,1
1,2,13,"yellow",12.1630036695545,-6.37851795966595,-3.73323515843631,1
1,2,14,"yellow",8.53825456132707,8.14461953672823,0.742001559916395,1
1,2,15,"yellow",7.88456579077968,0.955144862581065,5.4695931660552,1
1,2,16,"yellow",8.0856046010876,6.80893637774132,4.05781880973473,1
1,3,1,"blue",8.85608005909234,2.04537378833689,7.59533279867796,1
1,3,2,"blue",7.41291232820223,5.98063267281869,0.744675252423133,1
1,3,3,"blue",9.81900692367202,-0.231335609429216,-5.48671612487494,1
1,3,4,"blue",12.7414876451297,-8.3755252452394,2.72020937413182,1
1,3,5,"blue",6.99631820984004,2.48323408024738,0.842947875242146,1
1,3,6,"yellow",9.85328257891094,8.29634751218461,-3.19736612163587,1
1,3,7,"yellow",11.0664915796604,3.03915480845705,-7.79962031255024,1
1,3,8,"yellow",9.55422954969077,-3.22950693908475,5.29379054372341,1
1,3,9,"yellow",9.79411150378407,2.79477261407772,-6.14868575179041,1
1,3,10,"yellow",9.48777486024303,6.90889932241975,6.88699672921449,1
1,3,11,"yellow",7.37607520199308,5.83415522473653,2.80112276681588,1
1,3,12,"yellow",10.8167851893653,-0.128770129913049,9.80582157935671,1
1,3,13,"yellow",12.2311081724063,-6.45548613680603,-3.76517798473859,1
1,3,14,"yellow",8.56135357404692,8.16190764040153,0.660481219412778,1
1,3,15,"yellow",7.89934267997406,0.876018074947231,5.44345132367188,1
1,3,16,"yellow",8.14131853942623,6.87764476657214,4.10497389163178,1
1,4,1,"blue",8.86275720136537,1.9639256983281,7.57770744539458,1
1,4,2,"blue",7.44692545355528,6.0586743447783,0.773897536423399,1
1,4,3,"blue",9.79163787280166,-0.14957115953846,-5.47062205209934,1
1,4,4,"blue",12.7938195550743,-8.45205256739545,2.68722432588162,1
1,4,5,"blue",6.99870534484123,2.56459506814473,0.860971029594573,1
1,4,6,"yellow",9.80619638713306,8.26765427316686,-3.11912839110185,1
1,4,7,"yellow",11.0118925241406,3.04185053541224,-7.71633059229241,1
1,4,8,"yellow",9.60237494477484,-3.31269886845104,5.29864310312639,1
1,4,9,"yellow",9.76908314418674,2.72457220121842,-6.10378200496648,1
1,4,10,"yellow",9.50460956267822,6.97904373698233,6.84200555730136,1
1,4,11,"yellow",7.37555983454318,5.76911003883844,2.85321468783947,1
1,4,12,"yellow",10.8563346646237,-0.210083050666898,9.82406036667722,1
1,4,13,"yellow",12.3007568467266,-6.52451051479974,-3.81186930820479,1
1,4,14,"yellow",8.59412905184555,8.19049956372003,0.582206406315632,1
1,4,15,"yellow",7.91635343334236,0.796891287313398,5.41730948128855,1
1,4,16,"yellow",8.20161365419828,6.94635315540295,4.15212897352883,1
1,5,1,"blue",8.87288753171164,1.88090369570705,7.57051081248506,1
1,5,2,"blue",7.4838098979292,6.13847125513576,0.797916227933304,1
1,5,3,"blue",9.76914260705393,-0.0678067096477045,-5.45452797932373,1
1,5,4,"blue",12.8509083799466,-8.53250967479572,2.6655195265684,1
1,5,5,"blue",7.00223902844078,2.64628324965919,0.877447844981807,1
1,5,6,"yellow",9.75979131357416,8.2389610341491,-3.04089066056783,1
1,5,7,"yellow",10.9622819970451,3.04454626236743,-7.63304087203458,1
1,5,8,"yellow",9.65054486516587,-3.39537005182361,5.30912737154261,1
1,5,9,"yellow",9.72857010683364,2.68873728321151,-6.02854701911626,1
1,5,10,"yellow",9.51309151225275,7.04511962312762,6.79122739551346,1
1,5,11,"yellow",7.37580154156063,5.70406485294035,2.90530660886306,1
1,5,12,"yellow",10.8948388589033,-0.290178404906293,9.84706425056039,1
1,5,13,"yellow",12.3737051402134,-6.59188644566507,-3.86090937737761,1
1,5,14,"yellow",8.62800415866832,8.21909148703854,0.503931593218487,1
1,5,15,"yellow",7.93585471538139,0.715301122688221,5.40035396652547,1
1,5,16,"yellow",8.25631528940355,6.99090818016599,4.22255123004486,1
1,6,1,"blue",8.8743551294486,1.80017242835041,7.54984908662695,1
1,6,2,"blue",7.52132520940883,6.21826816549322,0.821934919443209,1
1,6,3,"blue",9.73307646850583,0.00531816040525172,-5.4145630218712,1
1,6,4,"blue",12.905607822526,-8.61296678219598,2.64381472725518,1
1,6,5,"blue",7.00493461735861,2.72783249756115,0.894599072665824,1
1,6,6,"yellow",9.70540977906905,8.18457257052862,-2.97775319570387,1
1,6,7,"yellow",10.9119962147683,3.03140872965645,-7.55074962293291,1
1,6,8,"yellow",9.69900127534814,-3.47642573558299,5.32847732179433,1
1,6,9,"yellow",9.68732424321626,2.65290236520461,-5.95331203326604,1
1,6,10,"yellow",9.5193152419303,7.10865788351913,6.73730769678595,1
1,6,11,"yellow",7.37666536712236,5.63901966704227,2.95739852988664,1
1,6,12,"yellow",10.9332947530588,-0.370273759145688,9.87006813444355,1
1,6,13,"yellow",12.4443697246328,-6.66224060559922,-3.90557185183218,1
1,6,14,"yellow",8.66589963358156,8.25328037942752,0.427934461156419,1
1,6,15,"yellow",7.95441530627651,0.633710958063044,5.3833984517624,1
1,6,16,"yellow",8.31490923760297,7.04938954320701,4.28191767360778,1
1,7,1,"blue",8.87720633641359,1.71944116099378,7.52918736076883,1
1,7,2,"blue",7.55873774524788,6.29716415811087,0.848765252898464,1
1,7,3,"blue",9.69825450978253,0.0784430304582079,-5.37459806441867,1
1,7,4,"blue",12.9655236280544,-8.6962667957909,2.64145842092334,1
1,7,5,"blue",7.00950668621003,2.80938174546311,0.911750300349841,1
1,7,6,"yellow",9.65065122309202,8.13018410690813,-2.91461573083991,1
1,7,7,"yellow",10.8622171528159,3.01827119694547,-7.46845837383125,1
1,7,8,"yellow",9.74825147527204,-3.55748141934236,5.34782727204605,1
1,7,9,"yellow",9.64736591602296,2.61533579728569,-5.87892656815868,1
1,7,10,"yellow",9.52920372846701,7.17219614391064,6.68338799805844,1
1,7,11,"yellow",7.37446042758316,5.5651417383678,2.99595363459685,1
1,7,12,"yellow",10.9683633481094,-0.451757044360715,9.88753005515724,1
1,7,13,"yellow",12.5168452464969,-6.73259476553336,-3.95023432628675,1
1,7,14,"yellow",8.70343822552308,8.28746927181649,0.351937329094351,1
1,7,15,"yellow",7.98525818495916,0.551119911101293,5.3944963527444,1
1,7,16,"yellow",8.37510653792508,7.12937219793633,4.30531039441776,1
1,8,1,"blue",8.88174485194699,1.63870989363714,7.50852563491072,1
1,8,2,"blue",7.59763857099825,6.37606015072852,0.87559558635372,1
1,8,3,"blue",9.66845692831166,0.15267029582965,-5.33671987122097,1
1,8,4,"blue",13.027324815575,-8.77956680938583,2.63910211459151,1
1,8,5,"blue",7.01627320231585,2.89093099336508,0.928901528033858,1
1,8,6,"yellow",9.59515878252365,8.06138612387498,-2.8675914607763,1
1,8,7,"yellow",10.8144742613939,3.00513366423449,-7.38616712472958,1
1,8,8,"yellow",9.80019932742819,-3.63853710310174,5.36717722229777,1
1,8,9,"yellow",9.60503171235845,2.5996218563162,-5.79708821221447,1
1,8,10,"yellow",9.54051446148937,7.23573440430215,6.62946829933093,1
1,8,11,"yellow",7.37408683933118,5.49126380969333,3.03450873930705,1
1,8,12,"yellow",11.0312588330493,-0.509821618882875,9.94730421035834,1
1,8,13,"yellow",12.5890530973458,-6.81437746211808,-3.96623541949239,1
1,8,14,"yellow",8.74190832731337,8.32165816420547,0.275940197032283,1
1,8,15,"yellow",8.01970367765944,0.468991320730205,5.40861510226773,1
1,8,16,"yellow",8.43122289060111,7.2126605907537,4.30804682756061,1
1,9,1,"blue",8.88638054198887,1.55603222277353,7.49809264947928,1
1,9,2,"blue",7.63169636057776,6.45873020154633,0.886088781397438,1
1,9,3,"blue",9.63173948860374,0.226897561201093,-5.29884167802328,1
1,9,4,"blue",13.0850768900946,-8.86240483825186,2.6300298812372,1
1,9,5,"blue",7.01539478112346,2.97248024126704,0.946052755717875,1
1,9,6,"yellow",9.52973639376452,8.00351843633051,-2.80762667792253,1
1,9,7,"yellow",10.7594651523872,3.01377264952071,-7.30328279341377,1
1,9,8,"yellow",9.84725502937433,-3.71959278686112,5.38652717254949,1
1,9,9,"yellow",9.55468406941105,2.58390791534671,-5.71524985627025,1
1,9,10,"yellow",9.54788006037421,7.29927266469366,6.57554860060342,1
1,9,11,"yellow",7.36776684121947,5.41765283178402,3.07357110451551,1
1,9,12,"yellow",10.9761170940365,-0.539693556527618,9.869508890539,1
1,9,13,"yellow",12.6524375750409,-6.89748998603515,-3.97229782929217,1
1,9,14,"yellow",8.77059548450839,8.35530921453354,0.19970338665657,1
1,9,15,"yellow",8.04671687615508,0.386862730359118,5.42273385179106,1
1,9,16,"yellow",8.47766327060925,7.29562882730671,4.30025476957015,1
2,1,1,"blue",8.04187632785092,-3.97771989739783,4.9635362915433,1
2,1,2,"blue",9.38355391633275,-7.44050709370815,4.6276795772411,1
2,1,3,"blue",9.76028871209569,-0.695638187850474,-6.78943267071348,1
2,1,4,"yellow",9.51764978781029,-0.220382340000475,7.78929991107346,1
2,1,5,"yellow",8.95326724853766,-7.78728094547518,1.71686338708232,1
2,1,6,"yellow",7.71360939124245,-5.38322736438547,2.59425209748331,1
2,1,7,"yellow",11.5461370450755,-1.22056020586443,-9.07318020768583,1
2,1,8,"yellow",11.5641939267671,6.03497210841922,-5.24677803033417,1
2,1,9,"yellow",9.25361476848105,-7.15442806744872,-2.33686762721079,1
2,1,10,"yellow",10.0281882395196,5.82748873608062,2.05009868072801,1
2,1,11,"yellow",9.84221432823673,-2.66355394668419,8.37838740964321,1
2,1,12,"yellow",8.24568245300374,1.80665496923439,-2.52909511977947,1
2,1,13,"yellow",9.40294617415038,5.09536756619997,0.391171277072202,1
2,1,14,"yellow",7.28283460776547,-4.1575858054594,0.768725907265535,1
2,1,15,"yellow",11.5268523633186,2.01884972037888,9.71385063695576,1
2,1,16,"yellow",9.01303637624687,-2.48321919131926,-5.48562193569913,1
2,2,1,"blue",7.99178965099018,-3.99459543368925,4.88192954721832,1
2,2,2,"blue",9.30865304516937,-7.35872304019891,4.61168542093191,1
2,2,3,"blue",9.76114444735516,-0.772220584620476,-6.82228964789347,1
2,2,4,"yellow",9.56602921813497,-0.204770571409553,7.87115781921866,1
2,2,5,"yellow",9.00171115362425,-7.87059652715655,1.71858335613458,1
2,2,6,"yellow",7.6879248229683,-5.33220526243441,2.66013980162407,1
2,2,7,"yellow",11.4607097661364,-1.23707796812658,-8.9915002959921,1
2,2,8,"yellow",11.6315941027245,6.11500880299193,-5.2699851836779,1
2,2,9,"yellow",9.18860918111857,-7.0939572324756,-2.27952896170402,1
2,2,10,"yellow",9.98416122403631,5.76683035904892,1.99295845198918,1
2,2,11,"yellow",9.87449405963475,-2.73148128892352,8.42666080418664,1
2,2,12,"yellow",8.2186829544148,1.72556895550614,-2.54831757597287,1
2,2,13,"yellow",9.36369862190205,5.02870879035332,0.341160757708067,1
2,2,14,"yellow",7.25402040240642,-4.10395820230469,0.832510894718109,1
2,2,15,"yellow",11.4589905118013,1.95406616827897,9.6614336948305,1
2,2,16,"yellow",9.04305086833248,-2.47279727305927,-5.5683010023619,1
2,3,1,"blue",7.94025047379214,-4.01147096998067,4.80032280289335,1
2,3,2,"blue",9.23769851360165,-7.27549975577166,4.60740413916292,1
2,3,3,"blue",9.76621164387408,-0.84672747819931,-6.85961480366912,1
2,3,4,"yellow",9.61008526405845,-0.213083293399646,7.95407550790787,1
2,3,5,"yellow",9.04614439385154,-7.95021930702763,1.69399357431274,1
2,3,6,"yellow",7.65986058898618,-5.27869673617831,2.72402471425878,1
2,3,7,"yellow",11.3773058695066,-1.26210216549616,-8.91201297630869,1
2,3,8,"yellow",11.702685676159,6.19504549756464,-5.29319233702163,1
2,3,9,"yellow",9.12153734597674,-7.03055548413764,-2.22544881051955,1
2,3,10,"yellow",9.93446878492718,5.6872926852721,1.96809476572555,1
2,3,11,"yellow",9.90507644644164,-2.79940863116285,8.47493419873007,1
2,3,12,"yellow",8.19361557036279,1.64448294177789,-2.56754003216626,1
2,3,13,"yellow",9.32781197128893,4.96205001450667,0.291150238343932,1
2,3,14,"yellow",7.22587378187567,-4.05958173056905,0.903045802393246,1
2,3,15,"yellow",11.388644648041,1.8944309438736,9.6032264405183,1
2,3,16,"yellow",9.07333283549548,-2.46237535479929,-5.65098006902467,1
2,4,1,"blue",7.89309615636436,-4.03384497698684,4.7200492191006,1
2,4,2,"blue",9.16153476144071,-7.19654375563215,4.58075091259625,1
2,4,3,"blue",9.78002383531994,-0.913701567477103,-6.90920225984359,1
2,4,4,"yellow",9.65784168994048,-0.221396015389738,8.03699319659707,1
2,4,5,"yellow",9.09131566662905,-8.02984208689871,1.6694037924909,1
2,4,6,"yellow",7.64513184078423,-5.25013003324404,2.80230873515647,1
2,4,7,"yellow",11.2923179700578,-1.28712636286574,-8.83252565662528,1
2,4,8,"yellow",11.7745011465037,6.27508219213735,-5.31639949036536,1
2,4,9,"yellow",9.05461169984782,-6.95789434526385,-2.18464680882836,1
2,4,10,"yellow",9.88641183357191,5.60775501149528,1.94323107946191,1
2,4,11,"yellow",9.94009372782494,-2.86672496072358,8.52405604945777,1
2,4,12,"yellow",8.16987754609663,1.56339692804965,-2.58676248835965,1
2,4,13,"yellow",9.29239386179008,4.89356640163017,0.243669303098031,1
2,4,14,"yellow",7.20024764411267,-4.01242376635991,0.971752212982757,1
2,4,15,"yellow",11.3183393966701,1.84483436929988,9.53625910344269,1
2,4,16,"yellow",9.1040963826373,-2.4519534365393,-5.73365913568744,1
2,5,1,"blue",7.84507142531248,-4.04103777702382,4.6370268843221,1
2,5,2,"blue",9.08839910638722,-7.12588714364845,4.53656847686179,1
2,5,3,"blue",9.79225493166016,-0.980675656754896,-6.95878971601805,1
2,5,4,"yellow",9.70970067474997,-0.216940482358564,8.12020733403689,1
2,5,5,"yellow",9.13919908830415,-8.10818664018232,1.6410035210972,1
2,5,6,"yellow",7.63366554512733,-5.22156333030977,2.88059275605416,1
2,5,7,"yellow",11.2053036191086,-1.31215056023533,-8.75303833694187,1
2,5,8,"yellow",11.8445368053877,6.35630869521485,-5.33501936260565,1
2,5,9,"yellow",8.99421283166386,-6.87493813283004,-2.1767277644996,1
2,5,10,"yellow",9.83843882043837,5.52480224483008,1.93527602150907,1
2,5,11,"yellow",9.97860096571513,-2.93404129028432,8.57317790018548,1
2,5,12,"yellow",8.14551501939266,1.4823109143214,-2.60598494455304,1
2,5,13,"yellow",9.25721356202175,4.82508278875366,0.19618836785213,1
2,5,14,"yellow",7.17564627451408,-3.96026659499079,1.03674508889402,1
2,5,15,"yellow",11.2514568343868,1.78478993670996,9.47847406593817,1
2,5,16,"yellow",9.13318239800096,-2.44153151827932,-5.81633820235021,1
2,6,1,"blue",7.79989422162717,-4.04823057706079,4.55400454954361,1
2,6,2,"blue",9.02078991118376,-7.07561456413917,4.47010711820936,1
2,6,3,"blue",9.80244921124758,-1.04764974603269,-7.00837717219252,1
2,6,4,"yellow",9.76627668295654,-0.21248494932739,8.2034214714767,1
2,6,5,"yellow",9.18658477563162,-8.18653119346593,1.61260324970351,1
2,6,6,"yellow",7.62384495078745,-5.1929966273755,2.95887677695184,1
2,6,7,"yellow",11.1156234543995,-1.33717475760491,-8.67355101725846,1
2,6,8,"yellow",11.9191668394443,6.43034388828716,-5.37327161262038,1
2,6,9,"yellow",8.93058380892628,-6.79338461476091,-2.15959685281943,1
2,6,10,"yellow",9.7929646869557,5.44202960297978,1.9256254150221,1
2,6,11,"yellow",10.0165322122023,-3.00643797602416,8.61444731184025,1
2,6,12,"yellow",8.12576797614982,1.40480629556881,-2.63660321551108,1
2,6,13,"yellow",9.2241633888376,4.75659917587716,0.148707432606229,1
2,6,14,"yellow",7.15097567308372,-3.90067220295363,1.09499414796081,1
2,6,15,"yellow",11.1890682483305,1.72474550412005,9.42068902843364,1
2,6,16,"yellow",9.16061344420813,-2.43110960001933,-5.89901726901298,1
2,7,1,"blue",7.75696569852842,-4.05542337709777,4.47098221476511,1
2,7,2,"blue",8.95474649515864,-7.02285175239961,4.40560494660421,1
2,7,3,"blue",9.81218571473994,-1.11462383531048,-7.05796462836699,1
2,7,4,"yellow",9.82418795536002,-0.208029416296216,8.28663560891652,1
2,7,5,"yellow",9.23655783374114,-8.26487574674955,1.58420297830981,1
2,7,6,"yellow",7.62285094339688,-5.1787456106867,3.04098251955113,1
2,7,7,"yellow",11.025840890456,-1.36219895497449,-8.59406369757505,1
2,7,8,"yellow",11.9931430890787,6.50462889303334,-5.4110364443333,1
2,7,9,"yellow",8.86939053871622,-6.71188432416263,-2.14221447447701,1
2,7,10,"yellow",9.74886500520155,5.3587064483391,1.92692785318543,1
2,7,11,"yellow",10.0562022820634,-3.078834661764,8.65571672349503,1
2,7,12,"yellow",8.11043449770006,1.33224463744388,-2.67758187110891,1
2,7,13,"yellow",9.19143895868936,4.68811556300065,0.101226497360328,1
2,7,14,"yellow",7.12764720874002,-3.83069836817443,1.14025016292829,1
2,7,15,"yellow",11.1271468999687,1.66470107153013,9.36290399092912,1
2,7,16,"yellow",9.18218097505381,-2.3997730474481,-5.97623426790179,1
2,8,1,"blue",7.71730099537449,-4.06261617713475,4.38795987998662,1
2,8,2,"blue",8.8931168581399,-6.97008894066005,4.34110277499906,1
2,8,3,"blue",9.74337499756929,-1.14874018567809,-6.98193490337709,1
2,8,4,"yellow",9.88471275382148,-0.203573883265041,8.36984974635634,1
2,8,5,"yellow",9.29080573754039,-8.34322030003316,1.55580270691612,1
2,8,6,"yellow",7.62575699780334,-5.1644945939979,3.12308826215041,1
2,8,7,"yellow",11.057766950417,-1.42917304425228,-8.64365115374951,1
2,8,8,"yellow",12.0585355828053,6.58653936920551,-5.42637001331422,1
2,8,9,"yellow",8.81190756765685,-6.63028443265441,-2.12530583318648,1
2,8,10,"yellow",9.70065644626318,5.27679044681908,1.91162382955053,1
2,8,11,"yellow",10.0993875624866,-3.15123134750384,8.69698613514981,1
2,8,12,"yellow",8.10636348998689,1.27982118371927,-2.74236015407495,1
2,8,13,"yellow",9.15541418924904,4.61963195012415,0.0537455621144272,1
2,8,14,"yellow",7.10650241867294,-3.75528129080609,1.17570025299393,1
2,8,15,"yellow",11.0645241910868,1.61164055765643,9.29864649088513,1
2,8,16,"yellow",9.19679056031229,-2.34845395688748,-6.04189091561149,1
2,9,1,"blue",7.68163719714164,-4.0811010872359,4.30670255697511,1
2,9,2,"blue",8.83167249668508,-6.91680271855678,4.27703232175885,1
2,9,3,"blue",9.78882420835305,-1.09336714439766,-7.04421066707213,1
2,9,4,"yellow",9.94768600550697,-0.199010902781458,8.45305806116652,1
2,9,5,"yellow",9.34505476491772,-8.42156485331677,1.52740243552242,1
2,9,6,"yellow",7.62958008011402,-5.15024357730911,3.2051940047497,1
2,9,7,"yellow",11.0940193580118,-1.49614713353008,-8.69323860992398,1
2,9,8,"yellow",12.123137557456,6.66982056211236,-5.42931744481583,1
2,9,9,"yellow",8.75474437042143,-6.54868454114619,-2.10839719189596,1
2,9,10,"yellow",9.65671026819989,5.19487444529907,1.89631980591562,1
2,9,11,"yellow",10.1439777635712,-3.22362803324368,8.73825554680458,1
2,9,12,"yellow",8.10131441864688,1.21593441167974,-2.79586646027164,1
2,9,13,"yellow",9.13173576127859,4.56292132407208,-0.00731464863878538,1
2,9,14,"yellow",7.08729144786057,-3.68010349642362,1.21165499783007,1
2,9,15,"yellow",11.0057911947035,1.55355722426151,9.23889056376339,1
2,9,16,"yellow",9.16358349198238,-2.40347330874053,-5.9793024552844,1
3,1,1,"blue",6.71470003839991,-4.01235947248843,2.36597942134664,1
3,1,2,"blue",7.42797904685139,-5.84213298233375,3.64968542134132,1
3,1,3,"blue",9.27518575769161,4.3251694151177,4.80864240679844,1
3,1,4,"yellow",7.17096225236718,-1.62743092077638,4.55399729979988,1
3,1,5,"yellow",9.32806128454525,5.00759951111137,-0.0240162605477323,1
3,1,6,"yellow",9.45901232204035,3.23527284532506,6.52676407717152,1
3,1,7,"yellow",9.37778521087028,-9.53089138645274,0.617712821693512,1
3,1,8,"yellow",9.62701261052049,-1.89239988930633,-5.95995179097878,1
3,1,9,"yellow",9.94095408646411,1.12743130406521,-5.93221566357132,1
3,1,10,"yellow",7.43899391747333,-6.55831346586796,1.93875977152043,1
3,1,11,"yellow",9.63352251093556,-9.45927925101862,-0.995155680669932,1
3,1,12,"yellow",8.71403642502164,-6.73213273388811,5.584554004577,1
3,1,13,"yellow",11.454190980529,3.48616122411442,-6.82585191954902,1
3,1,14,"yellow",9.56429697787409,5.54570533156126,2.18429032796734,1
3,1,15,"yellow",8.57481619973389,-0.355937012412143,6.9934986869849,1
3,1,16,"yellow",7.87137963702769,-6.30123614217243,-1.17369119979735,1
3,2,1,"blue",6.73163781504118,-3.95107483153984,2.42244744086431,1
3,2,2,"blue",7.44371738669548,-5.78226289718872,3.70765107797669,1
3,2,3,"blue",9.31062863033862,4.40541951278342,4.78618430649841,1
3,2,4,"yellow",7.21021483762771,-1.62476053645886,4.63728783642945,1
3,2,5,"yellow",9.31797433878453,5.03834469499309,0.0534381009338761,1
3,2,6,"yellow",9.46994523956297,3.30489996664928,6.48097643232549,1
3,2,7,"yellow",9.43458598685261,-9.55897872789955,0.539255535894838,1
3,2,8,"yellow",9.64126250591509,-1.80947513641528,-5.9681937447764,1
3,2,9,"yellow",9.99751726902067,1.1774317608754,-5.99888198762789,1
3,2,10,"yellow",7.50776504696312,-6.64070183366286,1.95127381549252,1
3,2,11,"yellow",9.64316970435844,-9.4109070314814,-1.06301268341458,1
3,2,12,"yellow",8.71955219474093,-6.78190273470048,5.51771545684007,1
3,2,13,"yellow",11.4306721283483,3.5450456938694,-6.76688528774663,1
3,2,14,"yellow",9.55558395923556,5.56555520956778,2.10335562102667,1
3,2,15,"yellow",8.58530468397298,-0.435775123174932,7.01738007124698,1
3,2,16,"yellow",7.85349486184191,-6.22497118844223,-1.14010398084467,1
3,3,1,"blue",6.75275812252634,-3.91452105450491,2.49733579662757,1
3,3,2,"blue",7.45758742391701,-5.72239281204368,3.76561673461207,1
3,3,3,"blue",9.3473841636357,4.48566961044915,4.76372620619838,1
3,3,4,"yellow",7.24970132588367,-1.61504892634882,4.72005334297363,1
3,3,5,"yellow",9.30413853816463,5.06165496088863,0.13344482532829,1
3,3,6,"yellow",9.45983754246702,3.3541341968752,6.41374225189243,1
3,3,7,"yellow",9.49419837382506,-9.59079187378713,0.462233667615886,1
3,3,8,"yellow",9.6610355402051,-1.72759554055348,-5.98369136478573,1
3,3,9,"yellow",10.0548006263377,1.22911215455762,-6.06425462221833,1
3,3,10,"yellow",7.57539639042906,-6.71936511284858,1.97877895959677,1
3,3,11,"yellow",9.65044429826575,-9.3598914613561,-1.12890544515087,1
3,3,12,"yellow",8.72636461096771,-6.8340795652827,5.45273836245413,1
3,3,13,"yellow",11.4219989967152,3.61420725729564,-6.72039741202744,1
3,3,14,"yellow",9.53579782340986,5.56760378461952,2.02004747145713,1
3,3,15,"yellow",8.59552517701023,-0.515613233937721,7.04126145550906,1
3,3,16,"yellow",7.84012858796842,-6.14389488030278,-1.12084062955467,1
3,4,1,"blue",6.77350131736818,-3.87796727746997,2.57222415239083,1
3,4,2,"blue",7.47212185814891,-5.66232231941159,3.82337468089985,1
3,4,3,"blue",9.37678392757663,4.56388377357321,4.73496878748168,1
3,4,4,"yellow",7.28639402899812,-1.57556349324485,4.79343825298269,1
3,4,5,"yellow",9.291758170179,5.09249901363624,0.210859868146512,1
3,4,6,"yellow",9.44658774641832,3.40336842710112,6.34650807145936,1
3,4,7,"yellow",9.56224680577954,-9.63131949839619,0.389419135494949,1
3,4,8,"yellow",9.65703459743373,-1.64626717062651,-5.96552159072368,1
3,4,9,"yellow",10.1101788717484,1.28426053763486,-6.12672941944418,1
3,4,10,"yellow",7.64441925846052,-6.79802839203429,2.00628410370102,1
3,4,11,"yellow",9.65552347056563,-9.30473210291981,-1.19137055238155,1
3,4,12,"yellow",8.72638798656046,-6.87617496070116,5.38081880927832,1
3,4,13,"yellow",11.4121187331892,3.68336882072188,-6.67390953630825,1
3,4,14,"yellow",9.51205900226716,5.56965235967127,1.93673932188758,1
3,4,15,"yellow",8.60411340990604,-0.595451344700509,7.06514283977114,1
3,4,16,"yellow",7.82742727262155,-6.06281857216333,-1.10157727826468,1
3,5,1,"blue",6.79346766330806,-3.84141350043503,2.64711250815409,1
3,5,2,"blue",7.47740433247574,-5.58949017077975,3.86387063835382,1
3,5,3,"blue",9.40492924863739,4.64209793669727,4.70621136876498,1
3,5,4,"yellow",7.32088597252298,-1.52484262027143,4.85955812510339,1
3,5,5,"yellow",9.25479963449268,5.0877270976781,0.294056462202596,1
3,5,6,"yellow",9.44926322181617,3.46918394858851,6.29539289195476,1
3,5,7,"yellow",9.6305327347332,-9.67184712300526,0.316604603374013,1
3,5,8,"yellow",9.65240282758299,-1.56493880069954,-5.94735181666162,1
3,5,9,"yellow",10.1646177025497,1.34076604722216,-6.18797949561331,1
3,5,10,"yellow",7.71400800185997,-6.87669167122,2.03378924780526,1
3,5,11,"yellow",9.66083484807475,-9.24957274448351,-1.25383565961223,1
3,5,12,"yellow",8.7401833593973,-6.93035134757948,5.31749927398901,1
3,5,13,"yellow",11.3922566984846,3.74491720730102,-6.61772910774145,1
3,5,14,"yellow",9.48837869916118,5.57170093472302,1.85343117231804,1
3,5,15,"yellow",8.61273878194165,-0.675289455463298,7.08902422403322,1
3,5,16,"yellow",7.81371223706625,-5.98235436636871,-1.07989880898558,1
3,6,1,"blue",6.81888968875992,-3.8137374952469,2.72571583620877,1
3,6,2,"blue",7.4873435789857,-5.51797069785766,3.90664223450584,1
3,6,3,"blue",9.44042171213258,4.72394226840817,4.69052858166447,1
3,6,4,"yellow",7.35860616131348,-1.47281464158516,4.92465446815172,1
3,6,5,"yellow",9.27242547138362,5.103766604648,0.212281290783595,1
3,6,6,"yellow",9.45196204158137,3.53499947007589,6.24427771245016,1
3,6,7,"yellow",9.6877309131913,-9.69399216394687,0.236267553352626,1
3,6,8,"yellow",9.63741251893454,-1.49136419650689,-5.90822098403134,1
3,6,9,"yellow",10.2233731725261,1.39727155680946,-6.24922957178244,1
3,6,10,"yellow",7.78712308189275,-6.95535495040571,2.06129439190951,1
3,6,11,"yellow",9.66918048164145,-9.19441338604721,-1.31630076684291,1
3,6,12,"yellow",8.77360575271562,-6.99926615385599,5.27064637738361,1
3,6,13,"yellow",11.376146931032,3.80646559388016,-6.56154867917465,1
3,6,14,"yellow",9.47914698568414,5.56692901876488,1.93662776637412,1
3,6,15,"yellow",8.62668585652406,-0.75345747665222,7.11790682966105,1
3,6,16,"yellow",7.80338531730176,-5.90189016057409,-1.05822033970647,1
3,7,1,"blue",6.84536246489921,-3.78822352407727,2.80504730360727,1
3,7,2,"blue",7.49811879560103,-5.44645122493557,3.94941383065786,1
3,7,3,"blue",9.47601550684002,4.80578660011908,4.67484579456397,1
3,7,4,"yellow",7.39697412654436,-1.4207866628989,4.98975081120005,1
3,7,5,"yellow",9.29097523954193,5.1198061116179,0.130506119364594,1
3,7,6,"yellow",9.46676389438366,3.60972905241164,6.20740042989884,1
3,7,7,"yellow",9.74527512876792,-9.71613720488848,0.155930503331238,1
3,7,8,"yellow",9.61695933391046,-1.42297616828371,-5.86060247880291,1
3,7,9,"yellow",10.2829911390297,1.45377706639676,-6.31047964795156,1
3,7,10,"yellow",7.8617602987324,-7.03550005660142,2.08412433709829,1
3,7,11,"yellow",9.67780091949468,-9.13925402761091,-1.3787658740736,1
3,7,12,"yellow",8.80859190593344,-7.0681809601325,5.22379348077822,1
3,7,13,"yellow",11.344833138146,3.85244891949775,-6.49205063452884,1
3,7,14,"yellow",9.46962267775301,5.56056077702069,2.01971741640066,1
3,7,15,"yellow",8.64114229662853,-0.831625497841143,7.14678943528888,1
3,7,16,"yellow",7.79520065625981,-5.81985240658961,-1.04358301188932,1
3,8,1,"blue",6.87489328529481,-3.77653679803979,2.88755709017207,1
3,8,2,"blue",7.51067147105498,-5.37493175201349,3.99218542680987,1
3,8,3,"blue",9.50497479230024,4.88305274371207,4.64363061398287,1
3,8,4,"yellow",7.43131058413366,-1.35208703710789,5.03691865894213,1
3,8,5,"yellow",9.31156333986146,5.13919143486654,0.0494588881534666,1
3,8,6,"yellow",9.49186939390543,3.68857869304567,6.18043418032036,1
3,8,7,"yellow",9.80216752197472,-9.73828224583009,0.0755934533098508,1
3,8,8,"yellow",9.59395811026682,-1.35458814006053,-5.81298397357448,1
3,8,9,"yellow",10.3453187710128,1.49205049523009,-6.38450389458592,1
3,8,10,"yellow",7.93728279393131,-7.1186886493097,2.08903376554359,1
3,8,11,"yellow",9.67720133047299,-9.07651099210146,-1.43360888583903,1
3,8,12,"yellow",8.84723811137327,-7.13709576640901,5.17694058417282,1
3,8,13,"yellow",11.3283950067477,3.91332893014731,-6.43514660349628,1
3,8,14,"yellow",9.46096284061587,5.55482035719454,2.10285280011099,1
3,8,15,"yellow",8.64104300757464,-0.914939099535807,7.14860277946672,1
3,8,16,"yellow",7.78508740132407,-5.73814408319864,-1.02720637203002,1
3,9,1,"blue",6.90039717421273,-3.74354482912691,2.96408142899114,1
3,9,2,"blue",7.51643515535328,-5.29588187280735,4.01855891808312,1
3,9,3,"blue",9.53638637075239,4.96188154873645,4.61660351752628,1
3,9,4,"yellow",7.46563717409623,-1.28338741131689,5.08408650668421,1
3,9,5,"yellow",9.33186051650242,5.15857675811519,-0.0315883430576612,1
3,9,6,"yellow",9.51384905923004,3.7657965900273,6.14909984084785,1
3,9,7,"yellow",9.85907869730394,-9.7604272867717,-0.00474359671153674,1
3,9,8,"yellow",9.57196115151083,-1.28139673711349,-5.77314099453062,1
3,9,9,"yellow",10.4026572896338,1.49573165272626,-6.46775588269391,1
3,9,10,"yellow",8.01381094500521,-7.20187724201799,2.09394319398889,1
3,9,11,"yellow",9.68205783644133,-9.01955992756047,-1.49444490060079,1
3,9,12,"yellow",8.88130501011139,-7.19917395475949,5.12134613323061,1
3,9,13,"yellow",11.3117480410529,3.97420894079686,-6.37824257246372,1
3,9,14,"yellow",9.44310353860576,5.53580203318179,2.18398693470421,1
3,9,15,"yellow",8.64264297787668,-0.998245777826516,7.15071033649152,1
3,9,16,"yellow",7.77368163406565,-5.65643575980767,-1.01082973217072,1
4,1,1,"blue",11.0876340787342,3.68125539474449,-7.03569476191375,1
4,1,2,"blue",9.68426722972051,-5.01802889348323,-5.59398877433764,1
4,1,3,"blue",8.12051914816051,3.43533999788898,-1.20890843230948,1
4,1,4,"blue",7.35752829258068,-4.3977279257275,2.08792194115939,1
4,1,5,"blue",11.4063818849994,8.14259551902687,-1.579234085592,1
4,1,6,"yellow",8.30048063683004,-6.31844834967069,2.45536404446044,1
4,1,7,"yellow",8.55745506853914,-3.45159055064797,6.19580669066571,1
4,1,8,"yellow",8.54946561567061,3.46328411227663,-2.75079103917415,1
4,1,9,"yellow",9.40788039378503,2.80773519916953,6.77416038510025,1
4,1,10,"yellow",7.24837599252818,-1.81340742252137,3.87460822448993,1
4,1,11,"yellow",10.0260515869821,-8.54232570194708,-1.99541814511691,1
4,1,12,"yellow",8.08797981965,-1.25757353558952,-3.92880820743186,1
4,1,13,"yellow",10.9074787006329,3.4522686253384,8.59237654442162,1
4,1,14,"yellow",9.49941400798486,-6.13924743573398,5.99103050106303,1
4,1,15,"yellow",10.2586591482782,-7.16652476220158,-4.90749477146195,1
4,1,16,"yellow",8.08791847660659,2.47969867524164,4.11280453628676,1
4,2,1,"blue",11.0477725129091,3.5997590785129,-7.0182937594965,1
4,2,2,"blue",9.73650139104121,-5.01801571649248,-5.67732210662918,1
4,2,3,"blue",8.12971452711501,3.47493578924508,-1.13558300867396,1
4,2,4,"blue",7.3781879755025,-4.45341182255026,2.14991990950576,1
4,2,5,"blue",11.3681177065031,8.06978115637064,-1.61976201467075,1
4,2,6,"yellow",8.29089180776333,-6.34116271185064,2.37518610363379,1
4,2,7,"yellow",8.5932097857172,-3.45283103268034,6.27913079071349,1
4,2,8,"yellow",8.51260528901642,3.38181457466175,-2.73326509026223,1
4,2,9,"yellow",9.41120955758312,2.74704322282152,6.83126492477457,1
4,2,10,"yellow",7.25363601675707,-1.74346931427352,3.91991943126217,1
4,2,11,"yellow",9.95348017382503,-8.47592189250751,-1.94506957476623,1
4,2,12,"yellow",8.12565856249018,-1.22844611958175,-4.00688533648484,1
4,2,13,"yellow",10.8389637594126,3.37963170298199,8.55153144734702,1
4,2,14,"yellow",9.53317934060211,-6.14495596879893,6.07416808038003,1
4,2,15,"yellow",10.2498507011364,-7.21957950734156,-4.84323250833205,1
4,2,16,"yellow",8.0483814051573,2.44778576087215,4.03582395210548,1
4,3,1,"blue",11.0294446689506,3.51733617492921,-7.03057827858674,1
4,3,2,"blue",9.79159479436923,-5.01800253950173,-5.76065543892071,1
4,3,3,"blue",8.14217461031362,3.52100753346166,-1.06614354705963,1
4,3,4,"blue",7.40015888229158,-4.49800343837217,2.22031900213368,1
4,3,5,"blue",11.324650539546,7.99457551024629,-1.65565846624278,1
4,3,6,"yellow",8.28612567717058,-6.36387707403059,2.29500816280713,1
4,3,7,"yellow",8.62972180995744,-3.44284102312909,6.36186315532136,1
4,3,8,"yellow",8.47180765829612,3.30819135218523,-2.69422580803757,1
4,3,9,"yellow",9.41117128781955,2.68330538390739,6.88494855668414,1
4,3,10,"yellow",7.2608888728973,-1.67218129302951,3.9630756877212,1
4,3,11,"yellow",9.88505378470004,-8.40951808306794,-1.89472100441555,1
4,3,12,"yellow",8.16636096830383,-1.20208641318837,-4.08593981341878,1
4,3,13,"yellow",10.7664217683625,3.31265045108227,8.50195366665456,1
4,3,14,"yellow",9.57685302487508,-6.16300611123335,6.15552308515873,1
4,3,15,"yellow",10.2393150798582,-7.26719815896349,-4.77484458204273,1
4,3,16,"yellow",8.01889875509538,2.44548983625729,3.95252225239529,1
4,4,1,"blue",11.0131405620956,3.43491327134552,-7.04286279767698,1
4,4,2,"blue",9.84918698566297,-5.00801911316602,-5.84338859819221,1
4,4,3,"blue",8.15590771879176,3.56707927767823,-0.996704085445307,1
4,4,4,"blue",7.4267082117258,-4.54259505419408,2.29071809476161,1
4,4,5,"blue",11.2796169322987,7.91936986412194,-1.69155491781481,1
4,4,6,"yellow",8.28175966294567,-6.37849651170314,2.21296721884265,1
4,4,7,"yellow",8.65668248645531,-3.40631328577836,6.4367642157176,1
4,4,8,"yellow",8.43197802319433,3.23851426675438,-2.6485142317105,1
4,4,9,"yellow",9.43704107968181,2.65550611320424,6.96350837461174,1
4,4,10,"yellow",7.27934563565787,-1.62482888292624,4.03164823107389,1
4,4,11,"yellow",9.82334446745975,-8.34311427362837,-1.84437243406486,1
4,4,12,"yellow",8.20939113160686,-1.16632518291742,-4.1612098529694,1
4,4,13,"yellow",10.6885155594392,3.24566919918254,8.45237588596209,1
4,4,14,"yellow",9.62435643266326,-6.18105625366777,6.23687808993742,1
4,4,15,"yellow",10.2359728267632,-7.31481681058543,-4.70645665575342,1
4,4,16,"yellow",7.99887856975655,2.4622397634454,3.8708896340149,1
4,5,1,"blue",10.9956904258529,3.35286457264512,-7.05743865051703,1
4,5,2,"blue",9.90507266148865,-4.9980356868303,-5.92612175746372,1
4,5,3,"blue",8.17073515953409,3.6131510218948,-0.927264623830982,1
4,5,4,"blue",7.45277504386957,-4.58195538751941,2.36417017849627,1
4,5,5,"blue",11.2343655806363,7.8441143917077,-1.72734679281675,1
4,5,6,"yellow",8.2573884921698,-6.3534746316614,2.13347916965524,1
4,5,7,"yellow",8.68804629023538,-3.36978554842763,6.51166527611383,1
4,5,8,"yellow",8.39631916223334,3.15766710262205,-2.62831075438095,1
4,5,9,"yellow",9.38187179047963,2.58852486130451,6.91393059391927,1
4,5,10,"yellow",7.29386281215107,-1.56059172881968,4.08473337472759,1
4,5,11,"yellow",9.76365127585433,-8.2767104641888,-1.79402386371418,1
4,5,12,"yellow",8.25333765439544,-1.14809204897535,-4.24252404159042,1
4,5,13,"yellow",10.7385798329252,3.22318035005781,8.53261737217396,1
4,5,14,"yellow",9.67882733525207,-6.20616840169379,6.31633766749711,1
4,5,15,"yellow",10.2327733744106,-7.36243546220737,-4.6380687294641,1
4,5,16,"yellow",7.98223298353226,2.48455926988618,3.79060087965488,1
4,6,1,"blue",10.997385298843,3.27772267361889,-7.09346835291903,1
4,6,2,"blue",9.96450575905151,-4.99816352225784,-6.00945499274561,1
4,6,3,"blue",8.18386879498869,3.65064605650094,-0.852843075712653,1
4,6,4,"blue",7.48579659268098,-4.63943028239604,2.42451154824675,1
4,6,5,"blue",11.1948237601471,7.77122214237909,-1.76773446955434,1
4,6,6,"yellow",8.23397406299047,-6.32845275161966,2.05399112046782,1
4,6,7,"yellow",8.72298464650089,-3.3332578110769,6.58656633651007,1
4,6,8,"yellow",8.36358856173622,3.07681993848973,-2.60810727705141,1
4,6,9,"yellow",9.32780979283396,2.52996409978948,6.85464246985362,1
4,6,10,"yellow",7.31108752714784,-1.49424886513574,4.13516222443348,1
4,6,11,"yellow",9.70344345659313,-8.21030665474922,-1.7436752933635,1
4,6,12,"yellow",8.29803846834128,-1.12456937302854,-4.32246857336556,1
4,6,13,"yellow",10.7846093675717,3.18890592593929,8.60857596810482,1
4,6,14,"yellow",9.73544482379715,-6.23128054971981,6.39579724505679,1
4,6,15,"yellow",10.2328632187235,-7.41410649041274,-4.57268869207773,1
4,6,16,"yellow",7.96915795492838,2.50687877632697,3.71031212529486,1
4,7,1,"blue",10.9941991938023,3.20258077459265,-7.12949805532102,1
4,7,2,"blue",10.004914334546,-4.95954650983078,-6.08330058026208,1
4,7,3,"blue",8.19538100084979,3.68814109110708,-0.778421527594324,1
4,7,4,"blue",7.520017576805,-4.69445428897689,2.48709591645668,1
4,7,5,"blue",11.151831723218,7.69832989305048,-1.80812214629194,1
4,7,6,"yellow",8.2131179524489,-6.30343087157791,1.97450307128041,1
4,7,7,"yellow",8.75164661539071,-3.28435183246798,6.65403966235627,1
4,7,8,"yellow",8.33553059279416,2.99358423059017,-2.61213981656187,1
4,7,9,"yellow",9.27222519259658,2.47512749472632,6.79189383489164,1
4,7,10,"yellow",7.32802493123801,-1.4279060014518,4.18559107413936,1
4,7,11,"yellow",9.64612691876028,-8.14390284530965,-1.69332672301282,1
4,7,12,"yellow",8.33752962139516,-1.09056362968149,-4.39854783377114,1
4,7,13,"yellow",10.8298352862023,3.15463150182076,8.68453456403569,1
4,7,14,"yellow",9.79431871623907,-6.25639269774583,6.47525682261648,1
4,7,15,"yellow",10.2363007061878,-7.46577751861812,-4.50730865469135,1
4,7,16,"yellow",7.9551754242918,2.52919828276775,3.63002337093483,1
4,8,1,"blue",10.9949636778509,3.12743887556642,-7.16552775772301,1
4,8,2,"blue",10.0489516985012,-4.92537145957758,-6.15930393798157,1
4,8,3,"blue",8.2075666693672,3.72563612571322,-0.703999979475995,1
4,8,4,"blue",7.55476183715177,-4.74947829555774,2.5496802846666,1
4,8,5,"blue",11.1113491897311,7.62543764372187,-1.84850982302953,1
4,8,6,"yellow",8.19725084012185,-6.2887080566784,1.8924806160265,1
4,8,7,"yellow",8.781058882832,-3.23544585385905,6.72151298820247,1
4,8,8,"yellow",8.29884512953277,2.91735096123319,-2.57848074516067,1
4,8,9,"yellow",9.21772781883652,2.42029088966316,6.72914519992967,1
4,8,10,"yellow",7.34534304693093,-1.36156313776786,4.23601992384525,1
4,8,11,"yellow",9.58742437369548,-8.07749903587008,-1.64297815266213,1
4,8,12,"yellow",8.37940177683322,-1.05655788633445,-4.47462709417671,1
4,8,13,"yellow",10.8761231464199,3.12035707770224,8.76049315996655,1
4,8,14,"yellow",9.85796017606934,-6.3058219160508,6.54234778193443,1
4,8,15,"yellow",10.2394063922464,-7.51744854682349,-4.44192861730498,1
4,8,16,"yellow",7.93539903583049,2.53647492797482,3.54700834290391,1
4,9,1,"blue",10.9989564451831,3.05229697654019,-7.201557460125,1
4,9,2,"blue",10.1027078879901,-4.90760651199801,-6.24072169453344,1
4,9,3,"blue",8.2218450329933,3.76313116031936,-0.629578431357666,1
4,9,4,"blue",7.59265254539957,-4.80888624250141,2.60811948627291,1
4,9,5,"blue",11.0730201666551,7.55254539439327,-1.88889749976712,1
4,9,6,"yellow",8.1829105199292,-6.27398524177889,1.81045816077259,1
4,9,7,"yellow",8.81122955605081,-3.18519337898266,6.78798954958498,1
4,9,8,"yellow",8.26321151244611,2.851232673883,-2.52775780634279,1
4,9,9,"yellow",9.16465365179678,2.3654542846,6.66639656496769,1
4,9,10,"yellow",7.36473328597624,-1.29522027408393,4.28644877355113,1
4,9,11,"yellow",9.52865836620656,-8.01000126554987,-1.59410591671733,1
4,9,12,"yellow",8.42700237319048,-1.03739072743909,-4.55572619691111,1
4,9,13,"yellow",10.923545621343,3.08608265358371,8.83645175589741,1
4,9,14,"yellow",9.92249978027502,-6.35525113435578,6.60943874125239,1
4,9,15,"yellow",10.2425216287543,-7.56911957502887,-4.3765485799186,1
4,9,16,"yellow",7.91960677742126,2.54786455731289,3.46445702075831,1
5,1,1,"blue",10.6955991646103,-4.06097003877918,7.89645692299219,1
5,1,2,"blue",7.48826612466625,-2.41974864952429,-2.96327740344936,1
5,1,3,"blue",10.4618891880271,-9.81975410647297,0.145299302340522,1
5,1,4,"blue",8.53152821383248,-6.2990796887967,-2.57304202086438,1
5,1,5,"yellow",8.70160336383691,1.33653063564706,-5.07566582278363,1
5,1,6,"yellow",7.67372553982805,2.27415975782286,-1.50845606308392,1
5,1,7,"yellow",10.7541431269608,7.55312620334564,1.72137839465469,1
5,1,8,"yellow",11.0639738592731,-0.614611332116496,-9.05359283121664,1
5,1,9,"yellow",10.6156827100571,-3.26229867378175,-8.30095054433273,1
5,1,10,"yellow",9.3833590327024,2.09750691760261,5.97184720711053,1
5,1,11,"yellow",9.24368933113506,-7.84014696410473,2.05318380349811,1
5,1,12,"yellow",8.62805859643668,-7.28012357922068,-0.157427365628623,1
5,1,13,"yellow",7.70330677691562,2.78544255654207,0.822225212806986,1
5,1,14,"yellow",8.8858292902669,5.04356721989005,1.54603989717967,1
5,1,15,"yellow",10.8978772274081,5.73038007908338,5.8566488906779,1
5,1,16,"yellow",8.42848604293007,-4.62342614406314,3.93627468258378,1
5,2,1,"blue",10.6115396840457,-4.00522034650751,7.83451811241224,1
5,2,2,"blue",7.46097263461918,-2.36719148858466,-2.89860755515505,1
5,2,3,"blue",10.3878290430936,-9.74600143855306,0.106505122117973,1
5,2,4,"blue",8.56711542587141,-6.38177790891703,-2.56277319262674,1
5,2,5,"yellow",8.72415215141752,1.41984866332346,-5.07406872899829,1
5,2,6,"yellow",7.64243483185442,2.19381033507704,-1.53055616961889,1
5,2,7,"yellow",10.6968059504617,7.47818414152129,1.68493485182527,1
5,2,8,"yellow",11.1211451158075,-0.648172586896251,-9.12986921433785,1
5,2,9,"yellow",10.6578589492881,-3.21457845063465,-8.36926763404852,1
5,2,10,"yellow",9.42313092600806,2.13963705389811,6.04374641475684,1
5,2,11,"yellow",9.20210886298005,-7.78116787517847,2.11205579610812,1
5,2,12,"yellow",8.62961534519886,-7.30969409872151,-0.0795169759434515,1
5,2,13,"yellow",7.66731472153706,2.70636794668393,0.848524462230247,1
5,2,14,"yellow",8.832920698868,4.96221837693676,1.52796200475259,1
5,2,15,"yellow",10.8279336114852,5.65697290980244,5.81720485510086,1
5,2,16,"yellow",8.44879828018444,-4.67773161101359,3.99948354828898,1
5,3,1,"blue",10.5268641244692,-3.94947065423585,7.77257930183228,1
5,3,2,"blue",7.43392810761012,-2.32342037141965,-2.82769540001524,1
5,3,3,"blue",10.3144586793249,-9.66976266827133,0.0728585123277675,1
5,3,4,"blue",8.60724684708144,-6.46509704145831,-2.56123481783079,1
5,3,5,"yellow",8.74798742037476,1.50310645832671,-5.07052133338438,1
5,3,6,"yellow",7.62003428965569,2.1215269589789,-1.57202372301067,1
5,3,7,"yellow",10.6358129220709,7.39498230349475,1.68025525852568,1
5,3,8,"yellow",11.1804642527551,-0.681733841676006,-9.20614559745905,1
5,3,9,"yellow",10.7094710943091,-3.17869234623952,-8.4444782181161,1
5,3,10,"yellow",9.46200307714326,2.18176719019361,6.11564562240315,1
5,3,11,"yellow",9.1585124688641,-7.71811294391429,2.1665399230417,1
5,3,12,"yellow",8.6246620000341,-7.32469867095942,0.00245440477202624,1
5,3,13,"yellow",7.63452755023798,2.63092189497186,0.883912846277902,1
5,3,14,"yellow",8.7798737116902,4.88086953398346,1.5098841123255,1
5,3,15,"yellow",10.7557039769586,5.58356574052149,5.77776081952381,1
5,3,16,"yellow",8.46969790209766,-4.72269733142292,4.06964428112804,1
5,4,1,"blue",10.4358876518075,-3.91236953336812,7.69796059590138,1
5,4,2,"blue",7.40724228015076,-2.27964925425465,-2.75678324487543,1
5,4,3,"blue",10.2480814999962,-9.60127493989038,0.0253835135846235,1
5,4,4,"blue",8.64756095848452,-6.5484161739996,-2.55969644303484,1
5,4,5,"yellow",8.77518314357209,1.58636425332995,-5.06697393777047,1
5,4,6,"yellow",7.59404505400369,2.04222472734859,-1.59762841990199,1
5,4,7,"yellow",10.5769260476803,7.31178046546821,1.67557566522609,1
5,4,8,"yellow",11.2368370333635,-0.72513919438866,-9.27728222515769,1
5,4,9,"yellow",10.7609574635557,-3.1406790400306,-8.51863638014505,1
5,4,10,"yellow",9.50012495382711,2.23100626604082,6.1828762542175,1
5,4,11,"yellow",9.13322682559117,-7.67674622047407,2.23888104990785,1
5,4,12,"yellow",8.60676967033163,-7.31558635278763,0.0852880338243653,1
5,4,13,"yellow",7.602680848487,2.55570525008369,0.919786245562213,1
5,4,14,"yellow",8.72854175257485,4.79833495623291,1.49837377262665,1
5,4,15,"yellow",10.6885926506715,5.5036196943767,5.75424329094916,1
5,4,16,"yellow",8.48942822727962,-4.76710767351097,4.14015786818803,1
5,5,1,"blue",10.3499195605353,-3.8752684125004,7.62334188997047,1
5,5,2,"blue",7.38070407326765,-2.23587813708965,-2.68587108973563,1
5,5,3,"blue",10.1867708341571,-9.53278721150943,-0.0220914851585206,1
5,5,4,"blue",8.69557962499375,-6.6299957558375,-2.57670280277455,1
5,5,5,"yellow",8.80065808367788,1.6696220483332,-5.06342654215656,1
5,5,6,"yellow",7.57327697467868,1.97066512448599,-1.64033284218577,1
5,5,7,"yellow",10.5247725092867,7.23345707080771,1.7040342367521,1
5,5,8,"yellow",11.2971550303968,-0.756627422320018,-9.35443749682585,1
5,5,9,"yellow",10.8115297284093,-3.10266573382168,-8.59279454217399,1
5,5,10,"yellow",9.53271923406962,2.30137794004948,6.2275111278217,1
5,5,11,"yellow",9.11340258430803,-7.63537949703384,2.311222176774,1
5,5,12,"yellow",8.59387856807513,-7.30647403461584,0.168121662876704,1
5,5,13,"yellow",7.56562665557046,2.47240114313383,0.917579390394637,1
5,5,14,"yellow",8.67878476967341,4.71500645227489,1.49927091952766,1
5,5,15,"yellow",10.6206262829992,5.42379357007152,5.7303218711991,1
5,5,16,"yellow",8.51309522188345,-4.7993369304071,4.21700654706001,1
5,6,1,"blue",10.2690735199022,-3.83816729163267,7.54872318403957,1
5,6,2,"blue",7.35859038715162,-2.19859893508771,-2.61134119276439,1
5,6,3,"blue",10.1553693197231,-9.49647175186734,-0.0970956972764277,1
5,6,4,"blue",8.74685840799112,-6.71157533767541,-2.59370916251427,1
5,6,5,"yellow",8.83759555963124,1.75248266543615,-5.07229009549388,1
5,6,6,"yellow",7.5589272672625,1.89910552162339,-1.68303726446955,1
5,6,7,"yellow",10.4832800693234,7.16043848220288,1.74419304851991,1
5,6,8,"yellow",11.3639959858312,-0.775129986650332,-9.43569080172877,1
5,6,9,"yellow",10.8646252859185,-3.06465242761276,-8.66695270420293,1
5,6,10,"yellow",9.5718569082163,2.37174961405815,6.2721460014259,1
5,6,11,"yellow",9.11342491164458,-7.6140785257169,2.39178713854647,1
5,6,12,"yellow",8.58797865132579,-7.29988224251918,0.251193876771597,1
5,6,13,"yellow",7.53581879058385,2.38954261126292,0.926462415816278,1
5,6,14,"yellow",8.6337121391042,4.63391902381961,1.48005443205066,1
5,6,15,"yellow",10.557497132173,5.34444806852779,5.70485157812621,1
5,6,16,"yellow",8.54262619586622,-4.83156618730324,4.29385522593198,1
5,7,1,"blue",10.1902393421296,-3.81470730275814,7.46876023407866,1
5,7,2,"blue",7.33765345423807,-2.15744782658917,-2.53887719678165,1
5,7,3,"blue",10.1276653437183,-9.46334808043271,-0.173563120635237,1
5,7,4,"blue",8.79953893582188,-6.78936620401118,-2.62359269575876,1
5,7,5,"yellow",8.88559870440443,1.83174436525394,-5.09801998835098,1
5,7,6,"yellow",7.54917618278867,1.82754591876079,-1.72574168675334,1
5,7,7,"yellow",10.4554820758219,7.09569439883961,1.79665873362833,1
5,7,8,"yellow",11.4305491791994,-0.793632550980646,-9.51694410663169,1
5,7,9,"yellow",10.9263585468785,-3.04842233217559,-8.74869026256227,1
5,7,10,"yellow",9.62532279852038,2.42048729510341,6.33974099303604,1
5,7,11,"yellow",9.10471462649176,-7.5806183686798,2.46810792428336,1
5,7,12,"yellow",8.57674195278303,-7.2827948904135,0.332756532702244,1
5,7,13,"yellow",7.51119942920381,2.30668407939201,0.93534544123792,1
5,7,14,"yellow",8.59463026968782,4.5531421822379,1.45957160244808,1
5,7,15,"yellow",10.4980228986437,5.26742289869143,5.67304642671763,1
5,7,16,"yellow",8.57421832438662,-4.88661122426499,4.35642109802151,1
5,8,1,"blue",10.1122713919222,-3.7912473138836,7.38879728411775,1
5,8,2,"blue",7.31934584299233,-2.11629671809063,-2.46641320079892,1
5,8,3,"blue",10.0987526967905,-9.43022440899809,-0.250030543994047,1
5,8,4,"blue",8.85253612282959,-6.86715707034695,-2.65347622900326,1
5,8,5,"yellow",8.93452273677043,1.91261281335027,-5.11813810324617,1
5,8,6,"yellow",7.54904211618428,1.76598149043139,-1.78190453576332,1
5,8,7,"yellow",10.4253531592022,7.02354547158379,1.83835977366665,1
5,8,8,"yellow",11.499771744433,-0.81213511531096,-9.59819741153461,1
5,8,9,"yellow",10.9948836750553,-3.05783037032064,-8.83149082574094,1
5,8,10,"yellow",9.68394498784846,2.45475825520181,6.41570115192462,1
5,8,11,"yellow",9.09642820818903,-7.54715821164269,2.54442871002025,1
5,8,12,"yellow",8.58531958792359,-7.29894475280401,0.414509981493179,1
5,8,13,"yellow",7.48928537237093,2.22372223039719,0.927485666698848,1
5,8,14,"yellow",8.56019214212226,4.47044967785739,1.44925684778672,1
5,8,15,"yellow",10.4460703782957,5.18771920367789,5.64872019713651,1
5,8,16,"yellow",8.60774470853776,-4.93242377339092,4.4260318356058,1
5,9,1,"blue",10.0345130484553,-3.78048408962114,7.30616195603151,1
5,9,2,"blue",7.30263562599486,-2.08612579523518,-2.38873334589113,1
5,9,3,"blue",10.0596992128941,-9.38629960183279,-0.320847602390567,1
5,9,4,"blue",8.90504522828454,-6.94494793668272,-2.68335976224775,1
5,9,5,"yellow",8.98903159246271,1.9934812614466,-5.13825621814135,1
5,9,6,"yellow",7.54812270117175,1.69625550068643,-1.8275414813067,1
5,9,7,"yellow",10.4099473567151,6.96341179466981,1.89605193383811,1
5,9,8,"yellow",11.572885864407,-0.830698562793042,-9.67943682845783,1
5,9,9,"yellow",11.066372834877,-3.07955586434043,-8.9119423475043,1
5,9,10,"yellow",9.74394188704269,2.48902921530021,6.4916613108132,1
5,9,11,"yellow",9.08768991755974,-7.51369805460559,2.62074949575714,1
5,9,12,"yellow",8.6063327812246,-7.33800559111164,0.488121769646635,1
5,9,13,"yellow",7.47000682290279,2.14076038140237,0.919625892159777,1
5,9,14,"yellow",8.52906120235877,4.38768821462177,1.43951084103811,1
5,9,15,"yellow",10.3952728257199,5.10794420561109,5.62462882673368,1
5,9,16,"yellow",8.64023820536231,-4.96765356133014,4.5015520745236,1
6,1,1,"blue",8.03055103933048,4.08321922260387,3.78509396534935,1
6,1,2,"blue",10.305141086853,-4.9115760048563,-4.31181260723731,1
6,1,3,"blue",7.09480324356235,0.25265193348034,5.26476665442911,1
6,1,4,"blue",7.5758697258355,-1.01506031030377,6.65696621489381,1
6,1,5,"yellow",9.50671634877954,-6.42898006220794,-1.15354481912639,1
6,1,6,"yellow",9.37454280700608,1.58113567997671,9.00680629303149,1
6,1,7,"yellow",6.76911861166844,-0.104618977867027,2.92328430817012,1
6,1,8,"yellow",9.30760629625174,-3.79633225224656,8.5145671548299,1
6,1,9,"yellow",8.77067620648244,-6.36037522822444,2.74572111093153,1
6,1,10,"yellow",8.49457211222975,-0.600013709401091,-3.06937587927506,1
6,1,11,"yellow",12.8380529951998,6.63839054525731,-6.94480456715837,1
6,1,12,"yellow",8.79572645669097,3.67961317287407,-2.34458866295259,1
6,1,13,"yellow",11.6858740359906,7.18318310282473,-4.65023701663822,1
6,1,14,"yellow",9.01532801602566,5.91613637969953,2.66989878411409,1
6,1,15,"yellow",8.6778356275495,-1.89846222307193,8.41517041155797,1
6,1,16,"yellow",10.7200823701097,-8.75543171120701,4.54935903939984,1
6,2,1,"blue",8.04615315297721,4.12866370702737,3.85494554571748,1
6,2,2,"blue",10.366856125015,-4.96551482209181,-4.3753346383736,1
6,2,3,"blue",7.09647970044132,0.304961654493979,5.32963681345404,1
6,2,4,"blue",7.51713198793754,-1.02658005927042,6.57443294991423,1
6,2,5,"yellow",9.51933935491911,-6.40190512516672,-1.2323572053906,1
6,2,6,"yellow",9.40213273499667,1.65263147843227,9.04961745101217,1
6,2,7,"yellow",6.75524868981165,-0.144787502820161,2.99629755386933,1
6,2,8,"yellow",9.23460911891705,-3.71876396807361,8.48411053428676,1
6,2,9,"yellow",8.72296007966072,-6.28855160861376,2.78797998113016,1
6,2,10,"yellow",8.52279990836735,-0.673641128526187,-3.10840724611536,1
6,2,11,"yellow",12.8041975784942,6.66330100937317,-6.86528153136385,1
6,2,12,"yellow",8.76090104023583,3.67428311725389,-2.2614259612677,1
6,2,13,"yellow",11.6293695429386,7.10248028476649,-4.62946444814266,1
6,2,14,"yellow",8.97597459214701,5.8741209104333,2.74186505945736,1
6,2,15,"yellow",8.64860760741072,-1.97598285340735,8.38459270208123,1
6,2,16,"yellow",10.6743575963558,-8.6885451026074,4.59906443180838,1
6,3,1,"blue",8.0653393249882,4.17410819145088,3.92479712608562,1
6,3,2,"blue",10.4335215308187,-5.01945363932732,-4.43885666950988,1
6,3,3,"blue",7.10270814365519,0.357271375507619,5.39450697247897,1
6,3,4,"blue",7.46198183074311,-1.03419212738216,6.49144800631898,1
6,3,5,"yellow",9.5369236076487,-6.37483018812551,-1.31116959165481,1
6,3,6,"yellow",9.43863656363728,1.7139025182154,9.10610022828399,1
6,3,7,"yellow",6.74558361518937,-0.184956027773295,3.06931079956855,1
6,3,8,"yellow",9.16374518948459,-3.64119568390066,8.45365391374362,1
6,3,9,"yellow",8.67920110516278,-6.21631517874925,2.82952926084563,1
6,3,10,"yellow",8.55639035625805,-0.747268547651282,-3.14743861295566,1
6,3,11,"yellow",12.7877826278689,6.70510398389679,-6.79319161691376,1
6,3,12,"yellow",8.73342133944712,3.6773573508523,-2.17814935271388,1
6,3,13,"yellow",11.575928029611,7.02177746670825,-4.60869187964709,1
6,3,14,"yellow",8.94505795735956,5.83983139247626,2.81781684286445,1
6,3,15,"yellow",8.62203279742903,-2.05350348374277,8.35401499260449,1
6,3,16,"yellow",10.6445062743729,-8.63403060079578,4.66209310414625,1
6,4,1,"blue",8.0852683691703,4.2154751327426,3.99713812837762,1
6,4,2,"blue",10.4940304906276,-5.0958278767576,-4.47219464037477,1
6,4,3,"blue",7.11154282778383,0.394874029908427,5.46887420199882,1
6,4,4,"blue",7.40902460748469,-1.04180419549389,6.40846306272373,1
6,4,5,"yellow",9.56378685028467,-6.35887377145169,-1.39296101670277,1
6,4,6,"yellow",9.4787631303298,1.75496412321329,9.17861497877961,1
6,4,7,"yellow",6.73909766315359,-0.202744977111238,3.15072331535019,1
6,4,8,"yellow",9.14860064070948,-3.70884303179533,8.40498892872089,1
6,4,9,"yellow",8.64041721843362,-6.15107468560241,2.88137636778903,1
6,4,10,"yellow",8.59804727445496,-0.818162343247673,-3.19123945986963,1
6,4,11,"yellow",12.7774148535263,6.74690695842041,-6.72110170246366,1
6,4,12,"yellow",8.71061364450915,3.68043158445071,-2.09487274416005,1
6,4,13,"yellow",11.5283014908241,6.94107464865001,-4.58791931115152,1
6,4,14,"yellow",8.90479771268979,5.78804825986745,2.8831081257563,1
6,4,15,"yellow",8.58980314258013,-1.97050038043053,8.34660356325638,1
6,4,16,"yellow",10.6122796690856,-8.57951609898415,4.72512177648412,1
6,5,1,"blue",8.10653080472067,4.25684207403433,4.06947913066962,1
6,5,2,"blue",10.5516209123877,-5.17220211418787,-4.50553261123967,1
6,5,3,"blue",7.12276660534512,0.432476684309235,5.54324143151866,1
6,5,4,"blue",7.35830613471669,-1.04941626360563,6.32547811912848,1
6,5,5,"yellow",9.58807237035163,-6.34291735477788,-1.47475244175073,1
6,5,6,"yellow",9.52121776047044,1.79602572821119,9.25112972927522,1
6,5,7,"yellow",6.7319386629849,-0.253548528876772,3.2167796819809,1
6,5,8,"yellow",9.12547032109508,-3.76759659809918,8.34589186541802,1
6,5,9,"yellow",8.59901713335354,-6.08583419245556,2.93322347473244,1
6,5,10,"yellow",8.63768525674072,-0.889056138844063,-3.23504030678361,1
6,5,11,"yellow",12.7617794816253,6.7871553630755,-6.64813245985306,1
6,5,12,"yellow",8.69855757884015,3.71091441513775,-2.01731475632031,1
6,5,13,"yellow",11.4806354106968,6.85877043697088,-4.57486323270803,1
6,5,14,"yellow",8.86481167041817,5.73626512725865,2.94839940864815,1
6,5,15,"yellow",8.55950691704408,-1.88749727711828,8.33919213390827,1
6,5,16,"yellow",10.5547509023109,-8.50219933910654,4.75621137420541,1
6,6,1,"blue",8.13005042651083,4.29820901532606,4.14182013296162,1
6,6,2,"blue",10.6114533623688,-5.24857635161815,-4.53887058210456,1
6,6,3,"blue",7.13709862702269,0.472671516623283,5.61624019794447,1
6,6,4,"blue",7.3124517295715,-1.0719080249569,6.24523744916766,1
6,6,5,"yellow",9.61219737047056,-6.32289731994634,-1.55564522665636,1
6,6,6,"yellow",9.56476446567468,1.83708733320908,9.32364447977084,1
6,6,7,"yellow",6.72685792518315,-0.306398333812822,3.28121059507909,1
6,6,8,"yellow",9.09114929228349,-3.81385280694901,8.27657514602591,1
6,6,9,"yellow",8.5597182651592,-6.02059369930871,2.98507058167584,1
6,6,10,"yellow",8.68055803763396,-0.958884488893299,-3.28052047799971,1
6,6,11,"yellow",12.7361771120223,6.8136472150927,-6.56912216798458,1
6,6,12,"yellow",8.68898162669764,3.74139724582478,-1.93975676848056,1
6,6,13,"yellow",11.4393036984115,6.77556675126076,-4.570216607191,1
6,6,14,"yellow",8.84141036142359,5.7049057933709,3.02560715840529,1
6,6,15,"yellow",8.52509284763293,-1.80542080411951,8.32477349928064,1
6,6,16,"yellow",10.5202672044846,-8.44456448483625,4.81639997792478,1
6,7,1,"blue",8.15816669468459,4.35040357096652,4.20678299008737,1
6,7,2,"blue",10.6720674131274,-5.32495058904842,-4.57220855296945,1
6,7,3,"blue",7.15414147453456,0.525352283959175,5.68080939491444,1
6,7,4,"blue",7.2692019509179,-1.07353738734291,6.16192004628771,1
6,7,5,"yellow",9.65563042282703,-6.33081746111532,-1.6386013343779,1
6,7,6,"yellow",9.61172150045038,1.87814893820697,9.39615923026646,1
6,7,7,"yellow",6.72440621053112,-0.359248138748873,3.34564150817727,1
6,7,8,"yellow",9.06303563789698,-3.86010901579884,8.20725842663379,1
6,7,9,"yellow",8.52355229645819,-5.95535320616186,3.03691768861924,1
6,7,10,"yellow",8.72033902526065,-1.03337067897712,-3.3178869326247,1
6,7,11,"yellow",12.6906453550801,6.81610375878565,-6.48582505016212,1
6,7,12,"yellow",8.70273425362899,3.80778345820665,-1.8893849981123,1
6,7,13,"yellow",11.3943219996772,6.69236306555064,-4.56556998167397,1
6,7,14,"yellow",8.82301040197242,5.68256035694492,3.10588869996608,1
6,7,15,"yellow",8.48856453158264,-1.72652260125126,8.29794966606082,1
6,7,16,"yellow",10.481323358088,-8.37901511464438,4.8678560223889,1
6,8,1,"blue",8.18810186846132,4.40488168299356,4.26984311817488,1
6,8,2,"blue",10.7329578534738,-5.39965541520452,-4.60913596004647,1
6,8,3,"blue",7.17471372727633,0.578033051295067,5.7453785918844,1
6,8,4,"blue",7.22960097982039,-1.07516674972891,6.07860264340776,1
6,8,5,"yellow",9.7018260853295,-6.34490453337584,-1.72073536410719,1
6,8,6,"yellow",9.65902963511072,1.92678140851799,9.4638299571422,1
6,8,7,"yellow",6.72287562924326,-0.434270489534785,3.38191948120499,1
6,8,8,"yellow",9.02154777835395,-3.88338133664482,8.12724065656435,1
6,8,9,"yellow",8.4857692495336,-5.88658742662363,3.08398903881172,1
6,8,10,"yellow",8.75971031184671,-1.10685232636212,-3.35719204605834,1
6,8,11,"yellow",12.6437056487564,6.8185603024786,-6.40252793233965,1
6,8,12,"yellow",8.71559546292584,3.87416967058853,-1.83901322774403,1
6,8,13,"yellow",11.348564575834,6.60915937984052,-4.56092335615693,1
6,8,14,"yellow",8.80414997091529,5.65914211454794,3.18586388591448,1
6,8,15,"yellow",8.46400028955605,-1.64402294509386,8.28619163993581,1
6,8,16,"yellow",10.4445152787149,-8.31346574445251,4.91931206685302,1
6,9,1,"blue",8.21646070670284,4.45590980365285,4.33572616111026,1
6,9,2,"blue",10.7891293234914,-5.47797800826838,-4.63759673762188,1
6,9,3,"blue",7.19427500560258,0.630713818630959,5.80994778885437,1
6,9,4,"blue",7.18874427232261,-1.07679611211492,5.99528524052782,1
6,9,5,"yellow",9.74424305598601,-6.35495098987335,-1.80346089315529,1
6,9,6,"yellow",9.70560574601864,1.94639917502854,9.54482123865807,1
6,9,7,"yellow",6.71960850918196,-0.509292840320696,3.41819745423271,1
6,9,8,"yellow",8.96722061405235,-3.88506712076076,8.04392437618435,1
6,9,9,"yellow",8.4460513927679,-5.81857527260644,3.13214286888148,1
6,9,10,"yellow",8.79842315496502,-1.18033397374711,-3.39649715949199,1
6,9,11,"yellow",12.5981608792603,6.82101684617156,-6.31923081451719,1
6,9,12,"yellow",8.71561918174309,3.923822505533,-1.77208759419139,1
6,9,13,"yellow",11.304644048997,6.52595569413039,-4.5562767306399,1
6,9,14,"yellow",8.80113199861064,5.65944711589723,3.269196661091,1
6,9,15,"yellow",8.43648230131757,-1.56152328893647,8.2744336138108,1
6,9,16,"yellow",10.3898640687337,-8.23406949525918,4.94462372540153,1
7,1,1,"blue",9.77473736018436,-0.970412388410884,5.45586412943677,1
7,1,2,"blue",8.04502992187549,1.2968356743056,-5.16009552249888,1
7,1,3,"blue",11.5395258201701,7.16829522268526,-6.50765747345827,1
7,1,4,"blue",8.53751733004151,-2.60899474771903,-6.45951460708908,1
7,1,5,"yellow",8.65240150756511,4.02992209723822,-0.926933008330868,1
7,1,6,"yellow",10.1483531470541,-6.77571859993666,-5.81881703076817,1
7,1,7,"yellow",8.87627033314288,-0.790785027433644,3.78833458807952,1
7,1,8,"yellow",8.43144203757458,3.516291251052,-3.60002203269306,1
7,1,9,"yellow",10.4492338356595,-1.03218860060894,-9.92089232049785,1
7,1,10,"yellow",12.4063060505075,-5.00696382705964,7.82869144423576,1
7,1,11,"yellow",12.176385712459,3.12814022936971,7.91690781293603,1
7,1,12,"yellow",9.10835221179097,0.926686200239494,-7.76603713916272,1
7,1,13,"yellow",9.91357320250418,-4.18872112229662,-8.22275675723854,1
7,1,14,"yellow",11.7753247251258,6.53918725579128,4.63103289792862,1
7,1,15,"yellow",11.7461909776123,-9.86960187160391,-1.06166360701732,1
7,1,16,"yellow",9.4412708416745,-5.56229049497578,1.81394965273255,1
7,2,1,"blue",9.67383706910779,-0.979723715816421,5.37305263490617,1
7,2,2,"blue",8.01680299157062,1.3384665292014,-5.0879060747583,1
7,2,3,"blue",11.4802904844349,7.08556089469321,-6.49768373713988,1
7,2,4,"blue",8.49075928181761,-2.61575355283075,-6.37645581467126,1
7,2,5,"yellow",8.6282365536562,4.0252227028168,-0.843732286359744,1
7,2,6,"yellow",10.1734370564259,-6.85868798242353,-5.81103718409931,1
7,2,7,"yellow",8.84289740723058,-0.721261011036912,3.83427863653535,1
7,2,8,"yellow",8.37406309000431,3.44393039748087,-3.55868982594212,1
7,2,9,"yellow",10.3953510996763,-1.06950073284638,-9.8463789040392,1
7,2,10,"yellow",12.2974010833781,-4.96787668558098,7.75509361943454,1
7,2,11,"yellow",12.128780337194,3.20121786928472,7.87685655841266,1
7,2,12,"yellow",9.09453166791555,0.843453239964846,-7.77012599821669,1
7,2,13,"yellow",9.90333874967331,-4.25774500933426,-8.17606470799393,1
7,2,14,"yellow",11.6795496933885,6.45671329567938,4.61909596583094,1
7,2,15,"yellow",11.6746368690953,-9.81464052231713,-0.999024206245762,1
7,2,16,"yellow",9.37635728721623,-5.49033474792902,1.85598315022427,1
7,3,1,"blue",9.67196762320904,-0.921085180071673,5.43226383798596,1
7,3,2,"blue",7.98921629965829,1.36994785003427,-5.01074798455992,1
7,3,3,"blue",11.4271455676133,7.00282656670116,-6.4877100008215,1
7,3,4,"blue",8.46431135651064,-2.67542176752954,-6.31828237916068,1
7,3,5,"yellow",8.61355873655399,4.02168842058413,-0.760473933664388,1
7,3,6,"yellow",10.1857762733912,-6.93772245715641,-5.7846175654771,1
7,3,7,"yellow",8.76788324574266,-0.738580281735318,3.75276491188164,1
7,3,8,"yellow",8.32316649738712,3.36119320084276,-3.5487399145399,1
7,3,9,"yellow",10.3447936587575,-1.11454652930971,-9.77626955612162,1
7,3,10,"yellow",12.1908462960697,-4.92878954410232,7.68149579463331,1
7,3,11,"yellow",12.097141073364,3.27891446001096,7.8467287600536,1
7,3,12,"yellow",9.08410043943974,0.760220279690198,-7.77421485727066,1
7,3,13,"yellow",9.88889808095999,-4.32676889637189,-8.12937265874933,1
7,3,14,"yellow",11.5898140028956,6.37566183958523,4.5997283147224,1
7,3,15,"yellow",11.5970280101066,-9.7556849385606,-0.940128675104838,1
7,3,16,"yellow",9.31262469506831,-5.41837900088225,1.89801664771598,1
7,4,1,"blue",9.67241744062426,-0.862446644326924,5.49147504106575,1
7,4,2,"blue",7.96838355731357,1.41938671996113,-4.94366413713895,1
7,4,3,"blue",11.3723937155721,6.92051633296967,-6.47469194153788,1
7,4,4,"blue",8.44028903493389,-2.73753627211832,-6.26272850653118,1
7,4,5,"yellow",8.5926889571508,4.00501478906443,-0.678825697575728,1
7,4,6,"yellow",10.1970226782419,-7.01572112305744,-5.75528068489816,1
7,4,7,"yellow",8.69453792171294,-0.755899552433725,3.67125118722794,1
7,4,8,"yellow",8.2719448360829,3.27845600420466,-3.53879000313769,1
7,4,9,"yellow",10.2934039931046,-1.15959232577305,-9.70616020820403,1
7,4,10,"yellow",12.0860089318892,-4.88970240262366,7.60789796983209,1
7,4,11,"yellow",12.0626280046347,3.35395926569373,7.81049726016083,1
7,4,12,"yellow",9.07357097907287,0.676987319415549,-7.77830371632463,1
7,4,13,"yellow",9.88398368516209,-4.40230608354619,-8.09417922472764,1
7,4,14,"yellow",11.4996599695395,6.29628206543016,4.57436503615803,1
7,4,15,"yellow",11.5202939699704,-9.69672935480407,-0.881233143963914,1
7,4,16,"yellow",9.25046849354318,-5.34642325383548,1.9400501452077,1
7,5,1,"blue",9.68392697122391,-0.821426751411542,5.56401339526307,1
7,5,2,"blue",7.95048753575911,1.46882558988799,-4.87658028971799,1
7,5,3,"blue",11.3168512489004,6.8420857220756,-6.44653019941798,1
7,5,4,"blue",8.42164975722821,-2.80489514083622,-6.21366500431732,1
7,5,5,"yellow",8.57312212254689,3.98560439605791,-0.597784466786844,1
7,5,6,"yellow",10.2192221760785,-7.09861950622583,-5.74677759648792,1
7,5,7,"yellow",8.62382883427598,-0.773218823132131,3.58973746257424,1
7,5,8,"yellow",8.22344263018217,3.19571880756655,-3.52884009173547,1
7,5,9,"yellow",10.2433240569759,-1.20463812223638,-9.63605086028645,1
7,5,10,"yellow",11.9805062995844,-4.850615261145,7.53430014503087,1
7,5,11,"yellow",12.0251239184738,3.42582130255117,7.76830375232913,1
7,5,12,"yellow",9.06573990536566,0.593754359140901,-7.7823925753786,1
7,5,13,"yellow",9.87943078835558,-4.47784327072049,-8.05898579070594,1
7,5,14,"yellow",11.4120778858368,6.21690229127508,4.54900175759365,1
7,5,15,"yellow",11.4430278696611,-9.63646932890652,-0.823672969161625,1
7,5,16,"yellow",9.19669790074878,-5.28216231116976,1.99310648971198,1
7,6,1,"blue",9.69263427664638,-0.78040685849616,5.63655174946038,1
7,6,2,"blue",7.9359996918651,1.52974523029041,-4.81971868705253,1
7,6,3,"blue",11.2569655436311,6.77356919461864,-6.39909677333801,1
7,6,4,"blue",8.40250886336648,-2.87225400955412,-6.16460150210346,1
7,6,5,"yellow",8.54767953953515,3.9635529981515,-0.517421662612167,1
7,6,6,"yellow",10.2387131694032,-7.17996127020187,-5.72866787871792,1
7,6,7,"yellow",8.54997821541187,-0.790538093830538,3.50822373792053,1
7,6,8,"yellow",8.17070934200939,3.11465585048888,-3.50952063433449,1
7,6,9,"yellow",10.186062465527,-1.23077274214547,-9.55692168686317,1
7,6,10,"yellow",11.8727037337455,-4.81152811966634,7.46070232022964,1
7,6,11,"yellow",11.9709087567582,3.48777673697198,7.71257253495347,1
7,6,12,"yellow",9.05675463282269,0.510521398866252,-7.78648143443258,1
7,6,13,"yellow",9.86260234046148,-4.54317479192993,-8.00725343351139,1
7,6,14,"yellow",11.3202656743933,6.13752251712001,4.52363847902927,1
7,6,15,"yellow",11.3657791469626,-9.57620930300896,-0.766112794359336,1
7,6,16,"yellow",9.14137373838223,-5.21790136850403,2.04616283421626,1
7,7,1,"blue",9.69650501643013,-0.720675200886325,5.69466004081046,1
7,7,2,"blue",7.92677400936327,1.59066487069284,-4.76285708438708,1
7,7,3,"blue",11.1977629939557,6.70121042011843,-6.35776092694202,1
7,7,4,"blue",8.39906013496984,-2.95180399413212,-6.13977723176001,1
7,7,5,"yellow",8.52116632369958,3.93816927743432,-0.438048422997065,1
7,7,6,"yellow",10.2633420698286,-7.26194451687072,-5.71372827664558,1
7,7,7,"yellow",8.47921037545046,-0.797731627285637,3.4252014666864,1
7,7,8,"yellow",8.12234940520701,3.04815129656396,-3.45930521089018,1
7,7,9,"yellow",10.1295131545061,-1.25686517641096,-9.47777859292222,1
7,7,10,"yellow",11.7710586475667,-4.77244097818768,7.38710449542842,1
7,7,11,"yellow",11.9448315152156,3.56590838083984,7.68359166762774,1
7,7,12,"yellow",9.06452081053654,0.431191631763786,-7.81200069178684,1
7,7,13,"yellow",9.84736427682801,-4.60850631313936,-7.95552107631683,1
7,7,14,"yellow",11.2287423927572,6.05814274296494,4.49827520046489,1
7,7,15,"yellow",11.2938939095535,-9.5159492771114,-0.708552619557047,1
7,7,16,"yellow",9.08915135595979,-5.1501505819747,2.0946837098174,1
7,8,1,"blue",9.7088514761835,-0.674736166986009,5.76418737075165,1
7,8,2,"blue",7.92315883558842,1.65158451109526,-4.70599548172162,1
7,8,3,"blue",11.1439425937889,6.62885164561823,-6.31642508054603,1
7,8,4,"blue",8.40100667132453,-3.03135397871012,-6.11495296141656,1
7,8,5,"yellow",8.50377686256328,3.92193501450201,-0.356311692260576,1
7,8,6,"yellow",10.2800103665459,-7.33692788429675,-5.6773697968383,1
7,8,7,"yellow",8.41149963213777,-0.814979813301882,3.34367267101521,1
7,8,8,"yellow",8.07948292818164,2.98325146188213,-3.40703231253247,1
7,8,9,"yellow",10.0788904591327,-1.28295761067645,-9.39863549898128,1
7,8,10,"yellow",11.6673654212031,-4.72998882277023,7.31539494972593,1
7,8,11,"yellow",11.9232248346155,3.64535778155902,7.65844734083606,1
7,8,12,"yellow",9.07228975428515,0.349387376858189,-7.82789120228161,1
7,8,13,"yellow",9.84891276838012,-4.68236899041497,-7.9169367614969,1
7,8,14,"yellow",11.1436287887445,5.97583399802733,4.48524773136151,1
7,8,15,"yellow",11.2504678949959,-9.48928922375248,-0.629598924270862,1
7,8,16,"yellow",9.03481737879639,-5.07929914190668,2.13855303719692,1
7,9,1,"blue",9.71417786166069,-0.617634804964338,5.8248823367679,1
7,9,2,"blue",7.9245201579109,1.72385837612241,-4.66451135369076,1
7,9,3,"blue",11.0872209844453,6.56254008606973,-6.26595507445637,1
7,9,4,"blue",8.4017066644409,-3.11039690784731,-6.08855864767558,1
7,9,5,"yellow",8.48279299324278,3.90570075156971,-0.274574961524088,1
7,9,6,"yellow",10.2930450036396,-7.40830954129282,-5.63436859349537,1
7,9,7,"yellow",8.34240518736649,-0.834231592984417,3.26259361438837,1
7,9,8,"yellow",8.03368799558178,2.91891097097124,-3.35407246289343,1
